rank,stock_code,name,closing_price,market_cap,score,mom_20d,drawdown_from_high,volume_surprise,past_glory_1y,fallen_angel_score,vcp_score
1,035250,강원랜드,17430,3728982915000,0.5605673161788807,-0.07680084745762716,-0.15797101449275364,1.5391050555626582,0.4100817438692097,0.0,0.0
2,096530,씨젠,27500,1436214835000,0.5354345720218137,0.12016293279022405,-0.24965893587994548,3.188416983413838,0.7086247086247086,0.0,0.0
3,028670,팬오션,4690,2507131011280,0.5195488415309751,0.19338422391857502,-0.013669821240799185,1.8443462123596053,0.5823627287853577,0.0,0.0
4,082740,HSD엔진,57600,4806555379200,0.5184476428160315,0.28859060402684555,-0.025380710659898442,1.1144044372535813,1.955,0.0,0.0
5,195940,HK이노엔,54500,1543979059500,0.5088729866175673,0.08349900596421467,-0.01446654611211573,1.1892285616101939,0.7472353870458135,0.0,0.0
6,000270,기아차,149700,58444825800600,0.49930589425241084,0.23719008264462804,-0.15423728813559323,0.8089195485678015,1.177121771217712,0.0,0.0
7,112610,씨에스윈드,40050,1688964690150,0.49838964328159413,-0.08036739380022961,-0.24433962264150944,1.2958464373417504,0.7637271214642263,0.0,0.0
8,009520,포스코엠텍,20450,851593276350,0.4906547815369861,0.2584615384615385,-0.046620046620046596,2.675136999616491,1.058541266794626,0.0,0.0
9,108320,LX세미콘,54700,889657210000,0.4794959993814732,0.0874751491053678,-0.19558823529411762,2.6584002675092298,0.4734561213434454,0.0,0.0
10,023590,다우기술,51400,2306144113800,0.46703171351397305,0.30456852791878175,-0.04283054003724396,4.057024847696164,2.0703259005145798,0.0,0.0
11,293490,카카오게임즈,17200,1544334869200,0.46673041468594945,0.12565445026178002,-0.27118644067796616,3.7742006489218505,0.8294573643410852,0.0,0.0
12,214430,아이쓰리시스템,117300,857136319500,0.46548324969901883,0.48293299620733254,-0.058587479935794495,1.4934530592543176,1.918032786885246,0.0,0.0
13,053030,바이넥스,16170,528503319960,0.4629058359431414,0.0547945205479452,-0.3045161290322581,3.1503453238672763,0.81640625,0.0,0.0
14,068760,셀트리온제약,74000,3232462080000,0.46022037628226165,0.2032520325203253,-0.010695187165775444,2.9202905495962757,0.6808988764044943,0.0,0.0
15,294870,HDC현대산업개발,21350,1407121495500,0.4600454284038885,0.009456264775413725,-0.23339317773788149,2.257561919509186,0.7548834278512917,0.0,0.0
16,017960,한국카본,34850,1809009552200,0.4579694949523431,0.09591194968553451,-0.148962148962149,0.45128309520040244,2.3759274525968674,0.0,0.0
17,014620,성광벤드,31950,848507779800,0.45487763258850006,0.1789667896678966,-0.17654639175257736,1.6046420690736511,0.7206208425720622,0.0,0.0
18,376300,디어유,38500,913928631000,0.4506320063239593,-0.038701622971285876,-0.39082278481012656,1.659868699352206,1.0619902120717781,0.4150499721229892,0.0
19,034230,파라다이스,16960,1567198280640,0.44417479857543657,0.032258064516129004,-0.29333333333333333,1.395658380657347,1.4870466321243523,0.0,0.0
20,272290,이녹스첨단소재,31000,617757398000,0.4421554683327778,0.33047210300429186,-0.037267080745341574,1.504881070672887,0.6495901639344261,0.0,0.0
21,253450,스튜디오드래곤,48600,1460843002800,0.43606958404256485,0.1435294117647059,-0.1473684210526316,1.4649021617038913,0.5702479338842976,0.0,0.0
22,003620,쌍용차,3980,805452149760,0.43500162919436774,0.10863509749303613,-0.18526100307062432,15.427827765403059,0.5458860759493671,0.0,0.0
23,038500,삼표시멘트,6760,729514228560,0.4338500657497352,0.4010362694300518,0.0,4.583038362359604,1.3595113438045376,-0.0,0.0
24,383310,에코프로에이치엔,36450,764536271400,0.4305741702316921,0.4100580270793037,0.0,11.238018886271798,0.653061224489796,-0.0,0.0
25,086900,메디톡스,138000,1007192586000,0.42911699378280777,0.15771812080536907,-0.2446633825944171,3.351355230981395,0.6297948260481714,0.0,0.0
26,213420,덕산네오룩스,39500,980831570500,0.42877139492375077,0.04221635883905006,-0.23597678916827858,2.1260226543105616,1.2576419213973797,0.0,0.0
27,103140,풍산,124600,3491825038800,0.4258845453200023,0.1855375832540438,-0.2764227642276422,0.6591876803262275,2.4509018036072145,0.0,0.0
28,039440,에스티아이,33600,521036779200,0.4242920932941604,0.10891089108910901,-0.06925207756232687,1.8413362723992774,1.1272834413671187,0.0,0.0
29,066570,LG전자,99900,16272350061300,0.4235099856670946,0.08000000000000007,-0.10483870967741937,0.8677299601124412,0.7410296411856474,0.0,0.0
30,005880,대한해운,1957,631616544380,0.4226000252886016,0.09451901565995535,-0.0636363636363636,2.786551056058151,0.532258064516129,0.0,0.0
31,417200,LS머트리얼즈,15000,1014789885000,0.42213890886817057,0.14068441064638781,-0.0625,2.501361260396329,0.7679558011049723,0.0,0.0
32,065350,신성델타테크,72500,1992586230000,0.4215087562411683,0.2350936967632027,-0.25869120654396727,2.8052916577458538,0.9482071713147411,0.0,0.0
33,455900,엔젤로보틱스,38200,581329624600,0.4212930373633664,0.27121464226289516,-0.13083048919226392,0.7207998803315048,1.2550025654181631,0.0,0.0
34,161890,한국콜마,68100,1607505743700,0.42062630211530516,0.09838709677419355,-0.38482384823848237,1.5555593462743058,0.9732620320855614,0.0,0.0
35,102710,이엔에프테크놀로지,54900,784402196400,0.4196774590768247,0.19218241042345285,-0.14218750000000002,2.4025471737243214,2.53395913859746,0.0,0.0
36,010130,고려아연,1801000,37592217169000,0.4161877788448241,0.3685410334346504,-0.05903866248693834,0.5100263244893531,1.9766718506998444,0.0,0.0
37,100090,삼강엠앤티,18780,1173339262620,0.41427158816175663,-0.05628140703517592,-0.40380952380952384,1.140397347392338,1.6992287917737787,0.6861647692496021,0.0
38,011780,금호석유,147900,3850094641800,0.40990015666543606,0.17942583732057416,-0.034595300261096584,0.6464742529002052,0.6816684961580681,0.0,0.0
39,192650,드림텍,8060,555253730460,0.4087472273003175,0.15307582260371966,-0.047281323877068515,3.696029160792115,0.5381818181818181,0.0,0.0
40,388720,유일로보틱스,145700,1704223031500,0.4086195494453195,0.7407407407407407,-0.002054794520547909,1.7001168030102372,3.7868852459016393,0.0,0.0
41,032500,케이엠더블유,18530,758434919770,0.40835140994465097,0.2247191011235956,-0.017497348886532316,3.374352873294259,1.7940740740740742,0.0,0.0
42,180640,한진칼,116600,7784481731400,0.40709741685711714,-0.11128048780487809,-0.29333333333333333,1.1509640888125798,1.2510231923601638,0.0,0.0
43,006730,서부T&D,14980,972605306540,0.40466733338852956,0.1693989071038251,-0.051898734177215244,1.301503510896901,2.0384615384615383,0.0,0.0
44,060370,LS마린솔루션,31300,1635076130200,0.40206565784857273,0.02960526315789469,-0.1459754433833561,1.902374485567826,1.827932098765432,0.0,0.0
45,015760,한국전력,59400,38132666173800,0.4011477956694265,0.23364485981308403,-0.14532374100719425,0.7401616744975372,2.45771144278607,0.0,0.0
46,018290,브이티,19820,692547229160,0.39886288399479386,0.11851015801354392,-0.564873765093304,1.9777630501173704,1.8829113924050631,0.0,0.0
47,161390,한국타이어앤테크놀로지,65000,8051879485000,0.39439173970337177,0.09983079526226724,-0.10344827586206895,0.711928681495753,1.0166898470097356,0.0,0.0
48,052690,한전기술,133900,5117658000000,0.39357601121750135,0.47142857142857153,-0.09404600811907982,0.9310851589060251,1.9678714859437751,0.0,0.0
49,011200,현대상선,20000,18864759400000,0.3930817139907182,-0.03147699757869249,-0.23809523809523814,1.1326858409000078,0.49487471526195903,0.0,0.0
50,420770,기가비스,55200,699701841600,0.39146021693487704,0.7980456026058631,-0.13070866141732285,1.2613453060742266,1.8863636363636362,0.0,0.0
51,036460,한국가스공사,39900,3683288700000,0.39132122383114576,-0.023255813953488413,-0.19148936170212771,1.08586513103227,0.6672297297297298,0.0,0.0
52,006280,녹십자,170100,1987880113800,0.3913069396434335,0.0848214285714286,-0.04438202247191014,1.1010716286610005,0.592128801431127,0.0,0.0
53,241710,코스메카코리아,86600,924888000000,0.3903305262535694,0.2886904761904763,-0.024774774774774744,1.362780795201809,1.2886597938144329,0.0,0.0
54,229640,LS전선아시아,42000,1286244918000,0.3900912439558966,0.19658119658119655,-0.18128654970760238,1.4171134567918617,0.9655172413793103,0.0,0.0
55,222080,씨아이에스,11860,917630010540,0.38935419332107724,0.7138728323699421,0.0,1.6372760768598378,0.9006410256410255,-0.0,0.0
56,030520,한글과컴퓨터,26550,641972203200,0.3871886565289891,0.13704496788008558,-0.26044568245125344,4.232703838442724,1.071552221581073,0.0,0.0
57,011790,SKC,116900,4426804036200,0.3865534864380163,0.10283018867924532,-0.3541436464088398,1.5622316003827152,1.1071012805587892,0.39207288444098554,0.0
58,140860,파크시스템스,298500,2088448384500,0.3858260728838387,0.3981264637002342,-0.0370967741935484,2.5912573805262387,0.7098731384445671,0.0,0.0
59,003380,하림지주,13080,1465033522680,0.3849793504161485,0.21111111111111103,-0.09480968858131489,2.8193348365066457,1.838899803536346,0.0,0.0
60,192820,코스맥스,195000,2213154255000,0.3821646295830443,0.16626794258373212,-0.32055749128919864,0.9679300477183741,0.928763440860215,0.0,0.0
61,336260,두산퓨얼셀,34750,2275906978500,0.38190805775585135,0.19006849315068486,-0.24946004319654425,1.1978752945600006,2.704,0.0,0.0
62,028260,삼성물산,302000,51332916288000,0.37877510900565364,0.2583333333333333,-0.02580645161290318,0.9442074212348245,1.8677150786308974,0.0,0.0
63,067160,아프리카TV,73600,846014851200,0.3781788666436192,0.06976744186046502,-0.45842531272994846,2.9406773569789437,1.1201248049921997,0.5134935640251217,0.0
64,051900,LG생활건강,275000,4208176225000,0.37476439238543785,0.04166666666666674,-0.2264416315049227,1.06998397784347,0.39685658153241654,0.0,0.0
65,137400,피엔티,51200,1212965273600,0.36859455064879976,0.30114358322744605,-0.0019493177387914784,3.2271528756854693,0.7272727272727273,0.0,0.0
66,039030,이오테크닉스,350000,4311842500000,0.36780152064271354,0.37254901960784315,-0.012693935119887145,1.5239029037018437,2.1879496402877696,0.0,0.0
67,352820,하이브,379500,16208321283000,0.365304470871295,0.17492260061919507,-0.03557814485387545,0.7949188606983257,0.8782816229116945,0.0,0.0
68,112040,위메이드,32150,1091443728450,0.36156166076619656,0.2757936507936507,-0.27914798206278024,2.715476224186057,0.897872340425532,0.0,0.0
69,032190,다우데이타,25800,988140000000,0.36080537533729434,0.31164209456024405,-0.011494252873563204,3.4987842603083266,1.693498452012384,0.0,0.0
70,051600,한전KPS,57800,2601000000000,0.36058639910154916,0.09885931558935357,-0.11620795107033643,0.969862218365474,0.7210526315789474,0.0,0.0
71,036830,솔브레인홀딩스,56100,1176083541600,0.3596912927058852,0.4458762886597938,-0.015789473684210575,9.923490216889869,1.2754491017964074,0.0,0.0
72,042660,대우조선해양,143400,43939680699600,0.358627432881083,0.20504201680672263,-0.05905511811023623,0.6153484684636582,2.4954128440366974,0.0,0.0
73,047040,대우건설,5190,2157081491220,0.3583985198643926,0.3675889328063242,-0.09895833333333337,1.6577117319828116,0.9591836734693877,0.0,0.0
74,007390,네이처셀,24150,1556106602400,0.35758703728862273,0.08539325842696632,-0.386277001270648,2.5520547693514017,1.5786369593709044,0.6097911507608068,0.0
75,042000,카페24,39400,955570327600,0.35751236910856504,0.304635761589404,-0.4347202295552367,4.468990772466054,1.366723259762309,0.5941422492223524,0.0
76,214370,케어젠,109200,5865678000000,0.3573153872503415,0.6877897990726429,-0.015329125338142457,1.9619017176869689,3.8747252747252743,0.0,0.0
77,074600,원익QnC,27850,732120800000,0.35600718238319895,0.3685503685503686,-0.005357142857142838,1.6770859137302507,0.8360655737704918,0.0,0.0
78,281740,레이크머티리얼즈,25650,1685988556200,0.3503902902673727,0.7191689008042896,-0.0019455252918287869,1.6207178504005928,1.4452901998097052,0.0,0.0
79,005850,에스엘,57500,2670789900000,0.34917328310063445,0.34032634032634035,-0.18323863636363635,0.6883892669683462,1.621973929236499,0.0,0.0
80,002380,KCC,466000,4141095486000,0.34910609016475075,0.11616766467065864,-0.03319502074688796,0.8274630054237226,1.0865800865800868,0.0,0.0
81,010120,LS산전,572000,17160000000000,0.3483973237313435,0.2314316469321851,-0.01718213058419249,2.1375342483965714,2.964577656675749,0.0,0.0
82,017670,SK텔레콤,69000,14820513657000,0.3476447442705069,0.2921348314606742,-0.014285714285714235,2.101762236715345,0.38888888888888884,0.0,0.0
83,214450,파마리서치,515000,5350668720000,0.3476417665422108,0.3005050505050506,-0.27769985974754563,1.3100883567941857,2.0535331905781584,0.0,0.0
84,323410,카카오뱅크,23500,11209768769500,0.3472866729024214,0.06334841628959276,-0.3935483870967742,1.6217245116770191,0.957070707070707,0.0,0.0
85,271560,오리온,117000,4625727444000,0.34710446181782845,0.08635097493036215,-0.08091123330714844,2.8046499282509267,0.31237113402061856,0.0,0.0
86,005290,동진쎄미켐,48450,2491032234300,0.34624301994906925,0.29372496662216285,0.0,2.999804457268913,1.3576642335766422,-0.0,0.0
87,079550,LIG넥스원,527000,11594000000000,0.34354195185464365,0.27294685990338174,-0.1892307692307692,0.6229970337665096,2.125,0.0,0.0
88,047810,한국항공우주,166800,16258847847600,0.3418535515442611,0.4657293497363797,-0.044126074498567314,0.6752377746862958,2.5575942915392456,0.0,0.0
89,015750,성우하이텍,8000,640000000000,0.34179455952342086,0.16448326055312945,-0.062133645955451344,1.1092150070472846,0.7678756476683939,0.0,0.0
90,348210,넥스틴,93400,978552267000,0.3407502636359185,0.29183955739972345,-0.002136752136752129,2.5900902898218403,1.2969325153374234,0.0,0.0
91,215600,신라젠,3830,529037271880,0.33911011360542087,0.10374639769452454,-0.1851063829787234,3.599286010672838,1.5093432995194873,0.0,0.0
92,008930,한미사이언스,40600,2776696930000,0.338690894948051,0.1032608695652173,-0.23106060606060608,2.3383713230348997,1.1773195876288658,0.0,0.0
93,004370,농심,409500,2490841899000,0.33766161228003916,-0.07874015748031493,-0.29274611398963735,0.9597416664135969,0.7492447129909365,0.0,0.0
94,012330,현대모비스,447000,40557464601000,0.3345804666232371,0.2246575342465753,-0.10510510510510507,0.9177791707023898,1.1530172413793105,0.0,0.0
95,010950,S-Oil,100500,11314570596000,0.3326326481384674,0.2079326923076923,-0.017595307917888547,0.8321280996460684,1.0459999999999998,0.0,0.0
96,036540,SFA반도체,6300,1036099908900,0.3324447974774891,0.5,-0.03522205206738127,2.1266239405379253,1.56078431372549,0.0,0.0
97,090430,아모레퍼시픽,133900,7832180430100,0.332220308157253,0.11120331950207474,-0.09710047201618344,1.0245944146263102,0.4874623871614845,0.0,0.0
98,069960,현대백화점,88500,2002649950500,0.3311071366313569,-0.02960526315789469,-0.11322645290581157,2.1751974080284824,1.1531823085221142,0.0,0.0
99,145020,휴젤,296500,3648145784500,0.3303975938817839,0.28077753779697634,-0.24362244897959184,2.27351837013122,0.880095923261391,0.0,0.0
100,084370,유진테크,102200,2342019492400,0.32940270657794835,0.3829499323410013,-0.062385321100917435,2.438829692088379,2.53322528363047,0.0,0.0
101,085660,차바이오텍,20150,1601341173900,0.32853314442082193,0.3934993084370677,-0.02421307506053272,2.381059403707445,1.2300215982721383,0.0,0.0
102,079370,제우스,20450,634297445500,0.32749898471894673,0.47228221742260623,-0.023866348448687402,6.82470811314103,0.8201563857515204,0.0,0.0
103,078600,대주전자재료,78700,1218322669100,0.32591128837189043,0.16765578635014844,-0.3430717863105175,2.2496858969331957,1.0339558573853989,0.35472108295943144,0.0
104,278280,천보,61000,713118182000,0.32419181800792124,0.17307692307692313,-0.2431761786600496,3.499205452171584,1.682196339434276,0.0,0.0
105,047050,포스코인터내셔널,63900,11241466153200,0.32411594107193464,0.2456140350877194,-0.050520059435364084,1.0749327274746432,0.7300771208226222,0.0,0.0
106,012510,더존비즈온,90000,2734450560000,0.3235457034996876,0.08303249097472931,-0.11417322834645671,1.7500985996999618,1.0381143430290871,0.0,0.0
107,031980,피에스케이홀딩스,73800,1591304751000,0.32180230783196545,0.627342888643881,-0.005390835579514808,1.2383823947471,1.4569536423841059,0.0,0.0
108,161580,필옵틱스,53200,1245026140400,0.31755334216385217,0.209090909090909,-0.09983079526226735,2.9544165659733745,1.4472049689440993,0.0,0.0
109,041190,우리기술투자,8280,695520000000,0.31699711764850885,0.09960159362549792,-0.36986301369863017,2.0400045567999037,1.4065934065934065,0.52024687641126,0.0
110,032640,LG유플러스,16020,6885850247100,0.3165406824228336,0.034215622982569416,-0.029090909090909056,1.027180903025879,0.6734279918864097,0.0,0.0
111,035720,다음,61800,27346204596000,0.3150598701550951,0.03344481605351168,-0.13687150837988826,1.2299599891105195,1.0056022408963585,0.0,0.0
112,033780,KT&G,143500,16929648557500,0.3149811568302822,-0.010344827586206917,-0.046511627906976716,1.0097253353330546,0.5909090909090908,0.0,0.0
113,189300,인텔리안테크,87000,933800058000,0.31464274362480826,0.5236427320490369,-0.007981755986317007,1.2603651050748437,1.8474025974025974,0.0,0.0
114,005420,코스모화학,17290,664078262120,0.3117657014744921,0.12199870214146658,-0.21050228310502284,3.0241770276339226,0.7244094488188977,0.0,0.0
115,298050,효성첨단소재,266500,1193906142000,0.3091188171183994,0.39164490861618795,-0.027372262773722622,3.334905753522038,0.771170006464124,0.0,0.0
116,047920,HLB제약,19990,655659126440,0.3065946629708951,0.3719972546328072,-0.39879699248120304,3.7866193816586677,1.6600000000000001,0.6620030075187971,0.0
117,003550,LG,91400,14095852869000,0.3035800664368985,0.10386473429951693,-0.03382663847780132,1.0273878400235776,0.6226415094339623,0.0,0.0
118,036930,주성엔지니어링,38350,1812740110350,0.3035391422197644,0.40476190476190466,-0.11635944700460832,1.9668695530403981,0.6660268714011517,0.0,0.0
119,034220,LG디스플레이,12130,6065000000000,0.3033950455909492,0.00663900414937757,-0.22343149807938545,2.053372019521137,1.1846153846153844,0.0,0.0
120,399720,가온칩스,74100,859591122000,0.2993543654814239,0.5749202975557917,-0.0040322580645161255,1.144009632697464,1.2545454545454544,0.0,0.0
121,011210,현대위아,85600,2327899104800,0.2993519428976325,0.19220055710306405,-0.12919633774160733,0.3557934284046652,1.6639566395663956,0.0,0.0
122,010140,삼성중공업,30200,26576000000000,0.29856967151009317,0.2326530612244897,-0.0707692307692308,0.6905384865875651,1.7896995708154506,0.0,0.0
123,131290,티에스이,82600,913674035400,0.2965017676761333,0.4365217391304348,-0.004819277108433773,1.6800081624993282,1.2959889349930842,0.0,0.0
124,241560,두산밥캣,59700,5722607080500,0.2945022954790956,0.03287197231833905,-0.19215155615696888,1.223254711823648,0.8112745098039216,0.0,0.0
125,115180,큐리언트,34650,1288698191550,0.29338038149108026,0.2509025270758123,-0.015625,2.0485237259598414,6.910112359550562,0.0,0.0
126,095610,테스,66800,1320517496800,0.29336780021496883,0.6193939393939394,-0.016200294550810068,3.410392957052426,3.1151515151515152,0.0,0.0
127,120110,코오롱인더,49300,1356691186300,0.2927520429040033,0.06825568797399773,-0.03522504892367906,1.4673472320455032,0.9466666666666668,0.0,0.0
128,005380,현대차,492500,100843199755000,0.2915143912832796,0.7041522491349481,-0.1652542372881356,0.6983195577249853,2.3560864618885096,0.0,0.0
129,232140,와이아이케이,19210,1576091173500,0.29142635801774996,0.41666666666666674,-0.004663212435233155,3.3668735263300498,1.0932754880694144,0.0,0.0
130,018260,삼성에스디에스,176500,13657181700000,0.2902088946628898,0.041297935103244754,-0.1121730382293763,1.2245082789565638,0.8238532110091743,0.0,0.0
131,005690,파미셀,14220,853441228080,0.28776826893124646,-0.043068640646029555,-0.31634615384615383,1.252723863515917,1.9090909090909092,0.6039335664335664,0.0
132,319660,피에스케이,53700,1555512541800,0.28658469877583426,0.5520231213872833,-0.005555555555555536,2.523739304161049,2.3169533169533167,0.0,0.0
133,131970,두산테스나,68700,1327781250600,0.2854347937316181,0.4790096878363832,-0.0014534883720930258,1.9687551780447474,2.120181405895692,0.0,0.0
134,160190,하이젠알앤엠,84700,2616213600000,0.28460826487042096,0.4911971830985915,-0.07127192982456143,2.581170195241006,3.437956204379562,0.0,0.0
135,001440,대한전선,27000,5034077100000,0.2837365650936819,0.19733924611973386,-0.08937605396290049,0.5447362090903262,1.9590818363273454,0.0,0.0
136,035760,CJ ENM,71200,1561355764800,0.2820547223927946,0.10730948678071539,-0.1348724179829891,2.212531946419515,0.6011673151750974,0.0,0.0
137,003490,대한항공,23800,8763651731800,0.2809503816860409,0.034782608695652195,-0.11028037383177569,0.8672613874340892,0.3381690845422711,0.0,0.0
138,119850,지엔씨에너지,36150,594628060350,0.28050270139891775,0.15127388535031838,-0.22673796791443845,1.2724950269507187,4.69427527405603,0.0,0.0
139,214150,클래시스,67900,4447834246100,0.279672381752501,0.2691588785046728,-0.0873655913978495,2.8633358289023536,0.636963696369637,0.0,0.0
140,036570,엔씨소프트,232500,5008985115000,0.2790302396558081,0.1124401913875599,-0.10058027079303677,0.7107211692161362,0.9205052005943537,0.0,0.0
141,298020,효성티앤씨,386500,1672649093000,0.2781441875420181,0.6273684210526316,-0.04567901234567906,1.1136483820682488,1.1715817694369974,0.0,0.0
142,122870,와이지엔터테인먼트,74200,1386875835800,0.2780818418989018,0.12254160363086242,-0.3242258652094717,2.0093392254837963,1.3791982665222102,0.4471717512585672,0.0
143,010060,OCI,117500,2193752260000,0.27728182635430576,-0.028122415219189456,-0.10849772382397571,1.1834353221943141,1.2491467576791808,0.0,0.0
144,006260,LS,219000,6942300000000,0.2765807360077311,0.13178294573643412,-0.07203389830508478,1.1258875928453898,1.4737945492662474,0.0,0.0
145,020150,일진머티리얼즈,42800,2241241816400,0.27654570289361446,0.31288343558282206,-0.0414333706606943,1.850671586849781,1.2944501541623845,0.0,0.0
146,121600,나노신소재,71800,876763513800,0.27582561507339465,0.3547169811320754,-0.08651399491094147,3.044738915796164,0.7802944507361269,0.0,0.0
147,376900,로킷헬스케어,66300,1038356720700,0.27432970313544613,0.0642054574638844,-0.23793103448275865,0.627799790051461,5.331877729257642,0.0,0.0
148,064400,LG씨엔에스,69200,6704507601600,0.2727897409361102,0.10191082802547768,-0.3134920634920635,6.397399753060445,1.1677419354838712,0.36607782898105484,0.0
149,328130,루닛,46900,1372141387400,0.2727031143830562,0.053932584269662964,-0.3916990920881972,2.1548529165593306,1.2576866764275256,0.49263472928808405,0.0
150,005935,삼성전자우,117900,96203412885600,0.27185828044322957,0.37412587412587417,0.0,1.1517689190005744,1.827338129496403,-0.0,0.0
151,014680,한솔케미칼,273000,3094508235000,0.268875893788454,0.23529411764705888,-0.05208333333333337,1.0637803878721661,2.310344827586207,0.0,0.0
152,009420,한올바이오파마,52500,2742633495000,0.2668473182299064,0.23529411764705888,-0.08056042031523647,1.1277419276789016,1.3791666666666669,0.0,0.0
153,025320,시노펙스,7560,696423442680,0.2657070003888451,0.11669128508124071,-0.10426540284360186,7.003460915890317,0.7843551797040169,0.0,0.0
154,457190,이수스페셜티케미컬,106300,3211140164000,0.2656833211601308,0.9187725631768953,-0.05004468275245755,0.7542573360401322,2.633116883116883,0.0,0.0
155,178320,서진시스템,34600,1933215453400,0.2656612637437567,0.3410852713178294,-0.02259887005649719,1.6814018466958078,1.1467556094602789,0.0,0.0
156,204270,제이앤티씨,24200,1399932877200,0.2648586319903075,0.25910509885535893,-0.1960132890365448,2.861552821914274,1.477366255144033,0.0,0.0
157,139480,이마트,88600,2444989563400,0.26356380865100243,0.039906103286385,-0.12966601178781922,0.8554224325290929,0.6472491909385114,0.0,0.0
158,090360,로보스타,89100,868725000000,0.26336061182945847,0.12358133669609073,-0.17500000000000004,1.1926807183946215,4.402701350675338,0.0,0.0
159,237690,에스티팜,150500,3115603442000,0.26210110073358006,0.20496397117694154,-0.02399481193255515,1.4732447666660027,1.3153153153153152,0.0,0.0
160,034020,두산중공업,92000,58931625432000,0.2615969620516485,0.21212121212121215,-0.06218144750254839,0.8820503507429968,3.9495459132189703,0.0,0.0
161,003160,디아이,34850,986255000000,0.2593863007253836,0.6555819477434679,-0.015536723163841804,0.8505392989733236,2.2566697332106718,0.0,0.0
162,036810,에프에스티,49550,1087937043400,0.25909652724315174,0.4279538904899136,-0.004020100502512558,2.477467163659233,2.1368221941992434,0.0,0.0
163,000100,유한양행,109700,8772537538900,0.25839347170384636,-0.04774305555555558,-0.22032693674484716,1.3257990692953958,0.40139442231075706,0.0,0.0
164,000720,현대건설,105700,11770304360500,0.2566410817828052,0.51,-0.13360655737704918,0.5545886295147097,3.7378640776699026,0.0,0.0
165,088980,맥쿼리인프라,11190,5359137101670,0.2553781972514345,-0.02864583333333337,-0.07290803645401822,1.6113932260019248,0.17526777020447915,0.0,0.0
166,101490,에스앤에스텍,92800,1979876771200,0.2551282878871588,0.9393939393939394,-0.033333333333333326,1.8462999069001107,2.5424354243542435,0.0,0.0
167,028050,삼성엔지니어링,32150,6301400000000,0.25283983013462386,0.2989898989898989,-0.0061823802163832875,2.3699184295136075,0.9749694749694751,0.0,0.0
168,004170,신세계,297500,2869441347500,0.2527637963333439,0.17125984251968496,-0.016528925619834656,2.1712302298095123,1.3614363778298206,0.0,0.0
169,348340,뉴로메카,95700,1147360410900,0.25120248626360114,1.8439821693907876,-0.3115107913669065,1.8648465404238517,5.953476738369185,1.8545722501538542,0.0
170,489790,한화비전,55700,2812203323000,0.25053605263913714,0.2804597701149425,-0.21988795518207283,0.9343796043039498,1.4536082474226806,0.0,0.0
171,018880,한온시스템,3395,3484161364040,0.2494655984258131,0.13735343383584597,-0.31483350151362255,1.1176426390575267,0.7985480943738656,0.0,0.0
172,263750,펄어비스,55100,3540056810500,0.24943357904782537,0.4752342704149932,-0.014311270125223596,3.4033394523025637,1.0107913669064748,0.0,0.0
173,207940,삼성바이오로직스,1791000,82907093241000,0.24789101817695344,0.05913660555884093,-0.09864116758933061,0.9222822106865715,1.1883259911894273,0.0,0.0
174,365340,성일하이텍,73000,893187558000,0.24589267981321042,0.705607476635514,0.0,2.204546005340247,1.4787775891341255,-0.0,0.0
175,141080,레고켐바이오,202500,7413593445000,0.24387758141316096,0.17391304347826098,-0.012195121951219523,1.8476318209055473,1.2905027932960893,0.0,0.0
176,005490,POSCO,378000,30592655856000,0.24355276787207236,0.20382165605095537,-0.03076923076923077,1.527170223288233,0.7142857142857142,0.0,0.0
177,041510,에스엠,118100,2703862889000,0.24323706493200326,-0.08378588052754077,-0.23855577047066412,1.2813593267533847,1.241329479768786,0.0,0.0
178,277810,레인보우로보틱스,695000,13482901310000,0.23602558623220568,0.44041450777202074,-0.044016506189821225,2.2441563614355,2.2097130242825607,0.0,0.0
179,373220,LG에너지솔루션,431000,100854000000000,0.23588161788621845,0.10371318822023046,-0.18216318785578745,3.459992080871615,0.981203007518797,0.0,0.0
180,096770,SK이노베이션,108200,18291511661600,0.2356258403213689,0.025592417061611306,-0.22824536376604854,2.646483866974692,0.7351485148514851,0.0,0.0
181,001040,CJ,198300,5785798703400,0.2346427826581609,0.16647058823529415,-0.048920863309352525,1.5286303705305362,1.2589382448537378,0.0,0.0
182,218410,RFHIC,44550,1180728341100,0.23384879720948842,0.3258928571428572,-0.005580357142857095,2.0904200940556414,2.7024793388429753,0.0,0.0
183,033100,제룡전기,43750,702730393750,0.23294699043369743,0.193724420190996,-0.31853582554517135,2.41029890139578,1.4272211720226844,0.4546210742657928,0.0
184,128940,한미약품,519000,6648904329000,0.2322686687594821,0.17820658342792273,-0.056363636363636394,2.724769432953162,1.5641025641025643,0.0,0.0
185,078930,GS,64100,5955875729800,0.2308149022583697,0.1761467889908257,-0.009273570324574987,1.0972228096234695,0.8645533141210375,0.0,0.0
186,059090,미코,16340,546030152520,0.23062721005010606,0.2856018882769473,-0.07264472190692395,3.402539436364288,1.1514041514041513,0.0,0.0
187,004020,현대제철,32400,4323643434000,0.23033547813922928,0.023696682464454888,-0.15734720416124837,0.9433006221150705,0.8222748815165877,0.0,0.0
188,011070,LG이노텍,257500,6094280052500,0.22886455792953372,-0.05504587155963303,-0.14023372287145242,1.5785571388964625,1.4752066115702478,0.0,0.0
189,089970,에이피티씨,29350,716483248250,0.2273994657911921,0.055755395683453335,-0.12908011869436198,1.917922988030083,3.992592592592593,0.0,0.0
190,009830,한화케미칼,28350,4873153395600,0.2261340593584005,0.029038112522685955,-0.3042944785276074,0.7665269934213159,1.2778088317495806,0.3888301721152098,0.0
191,138040,메리츠금융지주,110800,19414572448400,0.22494139563804133,0.013723696248856276,-0.15419847328244274,0.925348395161964,0.31394182547642924,0.0,0.0
192,086280,현대글로비스,240500,18037500000000,0.22181655056798213,0.3375973303670745,-0.1875,0.7647289772458994,1.8325358851674642,0.0,0.0
193,259960,크래프톤,263000,12467207553000,0.2210683604850848,0.06048387096774199,-0.3307888040712468,1.6793543604183054,0.7274725274725276,0.0,0.0
194,281820,케이씨텍,44650,923822921950,0.21828789410562813,0.1492921492921493,-0.03250270855904658,2.161147226629519,1.0330396475770924,0.0,0.0
195,064350,현대로템,223000,24338731339000,0.21805551628076805,0.2145969498910676,-0.1062124248496994,1.7071264930044723,3.6203703703703702,0.0,0.0
196,012450,한화에어로스페이스,1288000,66413660488000,0.21675118216958497,0.46697038724373585,-0.07868383404864088,0.674697168550657,2.732977303070761,0.0,0.0
197,001450,현대해상,27650,2471910000000,0.21638983071056167,-0.12082670906200321,-0.12638230647709325,1.0043090675455,0.5952620967741935,0.0,0.0
198,006360,GS건설,18950,1621769235500,0.2163771528000619,-0.04196157735085948,-0.23742454728370221,1.3273875290048085,0.6359447004608294,0.0,0.0
199,083650,비에이치아이,72700,2249656062500,0.21627059672950413,0.35130111524163565,-0.039630118890356725,0.8631344920798673,3.9574328749181404,0.0,0.0
200,437730,삼현,69700,2210017419900,0.2146703146509609,0.21217391304347832,-0.09362808842652792,0.8554477100699936,8.482120838471024,0.0,0.0
201,048410,현대바이오,9300,893180928000,0.21150276848622843,0.7816091954022988,-0.41435768261964734,9.282752108702695,2.478641840087623,1.027044288902806,0.0
202,000880,한화,113500,8507816422500,0.21092209134623688,0.3609112709832134,-0.18286537077033838,0.429009428491835,4.050909090909091,0.0,0.0
203,099320,쎄트렉아이,150000,1642691700000,0.20708806238202,1.3183925811437405,-0.038461538461538436,0.5725794003542748,3.0784313725490193,0.0,0.0
204,095340,ISC,131600,2789532832800,0.20303515685402193,0.24739336492890995,0.0,2.132301537465379,2.074766355140187,-0.0,0.0
205,052400,코나아이,63100,918943662100,0.20264539551611735,0.3658008658008658,-0.26627906976744187,4.959769391779121,3.1951219512195124,0.0,0.0
206,051915,LG화학우,178200,1370144160000,0.2001758946389661,0.03785672684915542,-0.16141176470588237,1.6380674605047738,1.3351648351648353,0.0,0.0
207,060250,NHN KCP,21500,863453136500,0.20008287729743282,0.4191419141914192,-0.08510638297872342,3.6656705495072663,2.425655976676385,0.0,0.0
208,005930,삼성전자,162400,961349198532800,0.19945252906573316,0.4617461746174618,-0.005511328842620955,0.9874100689279645,2.2145669291338583,0.0,0.0
209,326030,SK바이오팜,119400,9350602050000,0.1992035057749962,-0.0598425196850394,-0.1714087439278279,1.3739868407365647,0.6582278481012658,0.0,0.0
210,003670,포스코켐텍,239500,21302619690000,0.19887093629254587,0.20959595959595956,-0.0788461538461539,1.9125208720675486,1.6395939086294415,0.0,0.0
211,389650,넥스트바이오메디컬,75900,622674947400,0.1987750230080201,-0.09101796407185625,-0.2485148514851485,1.2917087122553423,1.8370786516853932,0.0,0.0
212,093370,후성,8450,906307538500,0.19831190220447162,0.09455958549222787,-0.1882804995196926,3.4340308917622746,1.7394736842105263,0.0,0.0
213,083450,GST,30300,558429000000,0.19691948658343764,0.12014787430683915,-0.07621951219512191,1.5364161612386837,1.1340273259596616,0.0,0.0
214,064260,다날,8980,675111721420,0.19644469838398235,0.2318244170096022,-0.21572052401746722,4.248764235906404,3.731404958677686,0.0,0.0
215,267270,현대건설기계,107300,5147622861400,0.19566032020967927,0.13665254237288127,-0.1858877086494689,3.6329417221908624,1.3577817531305905,0.0,0.0
216,439260,대한조선,71200,2743073414400,0.1955836709616533,0.0028169014084507005,,1.6929922135706341,,,
217,080220,제주반도체,36500,1257163404500,0.1950362476516462,0.9010416666666667,-0.024064171122994638,2.678513997121061,2.9576719576719577,0.0,0.0
218,021240,웅진코웨이,79600,5723966986800,0.19306118198960437,-0.10461192350956128,-0.30601569311246735,1.3098082401666227,0.6744525547445255,0.0,0.0
219,108490,로보티즈,307000,4473017016000,0.19200120454601358,0.1455223880597014,-0.051004636785162316,2.0524816181710577,10.116838487972508,0.0,0.0
220,348370,엔켐,88500,1933737036000,0.1916536504873085,0.2464788732394365,-0.4402277039848197,5.004617912283218,1.977401129943503,0.8705067592920165,0.0
221,257720,실리콘투,51300,3138118880400,0.1869998876843654,0.3153846153846154,-0.1908517350157729,0.9046160651840364,1.6864406779661016,0.0,0.0
222,329180,HD현대중공업,586000,61507277850000,0.1868704120698834,0.12909441233140662,-0.10122699386503065,1.01369702454185,1.401473296500921,0.0,0.0
223,051910,LG화학,354000,24989689422000,0.18421386669508352,0.023121387283236983,-0.17386231038506417,1.4726763877051725,1.3608815426997247,0.0,0.0
224,030530,원익홀딩스,41150,3178342918150,0.1833700626693258,0.13988919667590038,-0.18675889328063244,0.27220174409013764,18.46153846153846,0.0,0.0
225,377300,카카오페이,65400,8838492810000,0.18272960393029428,0.3238866396761133,-0.4263157894736842,2.629804432388003,3.5238095238095237,1.5022556390977444,0.0
226,358570,지아이이노베이션,16500,1053904351500,0.18208755915485728,-0.02135231316725983,-0.3373493975903614,1.1777698563669583,1.8886310904872388,0.6371285606462974,0.0
227,253590,네오셈,16490,723402514360,0.18040770576304388,0.7357894736842105,0.0,9.40420098157219,1.16688567674113,-0.0,0.0
228,034730,SK,305500,22149575766500,0.17950327534647728,0.23684210526315796,-0.008116883116883078,1.2586621128867224,1.6829268292682928,0.0,0.0
229,290650,엘앤씨바이오,74800,1858186312400,0.17930117587359293,0.15968992248062008,-0.06499999999999995,3.2577506458871572,3.3266630611141155,0.0,0.0
230,267250,현대중공업지주,237500,18760857687500,0.17852411836925153,0.2318464730290457,-0.11710037174721188,0.7474500524264621,3.057315233785822,0.0,0.0
231,005387,현대차2우B,272000,9510188960000,0.17687350972249322,0.30455635491606725,-0.1807228915662651,0.8491912063089212,1.4906226556639162,0.0,0.0
232,356860,티엘비,61700,606673271000,0.17672186425492925,0.04399323181049075,-0.19765929778933677,1.5174345406179073,5.246953696181966,0.0,0.0
233,082270,젬백스,41600,1775504182400,0.17556263729640273,0.5238095238095237,-0.42778541953232463,3.259548660988482,3.2415402567094516,1.386683658647372,0.0
234,032350,롯데관광개발,21900,1741914699600,0.17366585785391048,-0.049891540130151846,-0.09876543209876543,0.8121467296964625,2.193166885676741,0.0,0.0
235,030200,KT,55900,14088012191500,0.17180917473297325,0.04681647940074907,-0.0557432432432432,1.1327408006922202,0.35779816513761475,0.0,0.0
236,078160,메디포스트,23900,936990011700,0.17097983571049508,0.4150384843102428,-0.010351966873705987,6.87030731079,2.2242990654205608,0.0,0.0
237,000155,두산우,497500,1988239845000,0.16845868499682468,0.004036326942482349,-0.22628304821150858,1.0941910158068453,4.615720524017467,0.0,0.0
238,003230,삼양식품,1199000,9032084985000,0.16767175957929273,-0.05292259083728279,-0.27987987987987983,0.7935174274385102,1.4962518740629687,0.0,0.0
239,017800,현대엘리베이,91000,3557407035000,0.16489703389469926,0.006637168141592875,-0.05405405405405406,0.8630040401376663,0.9876033057851239,0.0,0.0
240,103590,일진전기,66000,3147235740000,0.16443588983469787,0.22222222222222232,-0.027982326951399128,1.7782673492904284,2.4292929292929295,0.0,0.0
241,272210,한화시스템,89000,16813825621000,0.16384222221608039,0.580817051509769,-0.10372608257804627,0.3028550688075915,3.280172413793103,0.0,0.0
242,183300,코미코,126000,1318046184000,0.16318370359958123,0.46341463414634143,-0.01945525291828798,1.9571756402748708,2.5994397759103642,0.0,0.0
243,011170,롯데케미칼,86400,3695796201600,0.16288359943433456,0.16442048517520225,-0.03463687150837991,1.939814189144814,0.7277992277992278,0.0,0.0
244,195870,해성디에스,63700,1082900000000,0.16151875498437146,0.1906542056074767,-0.015455950540958274,2.2954999221292027,2.6246498599439776,0.0,0.0
245,466100,클로봇,73500,1836922216500,0.1607506349572066,0.10360360360360366,-0.10692588092345079,0.969957395025534,6.838095238095238,0.0,0.0
246,204320,만도,64300,3019342816000,0.16006435910107977,0.18416206261510126,-0.15171503957783639,0.35272014226017834,1.3613707165109035,0.0,0.0
247,077970,STX엔진,36050,1447337671150,0.15967276118937918,0.006983240223463749,-0.2761044176706827,1.205155674528423,1.7198252321135992,0.0,0.0
248,357780,솔브레인,412500,3208658475000,0.15732847166226127,0.5988372093023255,-0.0060240963855421326,2.9171175326249563,1.6774193548387095,0.0,0.0
249,089030,테크윙,44150,1635918426750,0.15714898000648722,-0.008978675645342271,-0.3606082548877625,1.6108942718868218,1.6506717850287909,0.5952458717917001,0.0
250,066970,엘앤에프,136700,5500771637800,0.15660228969544326,0.2994296577946769,-0.08255033557046976,2.3538827593687026,2.1702127659574466,0.0,0.0
251,050890,쏠리드,8260,501848970840,0.155458264083627,0.08684210526315783,-0.08930540242557883,2.4329172966644292,0.5828970331588132,0.0,0.0
252,00680K,미래에셋대우2우B,13800,1886163051600,0.1542700416308814,0.22015915119363405,-0.015691868758915817,1.0742150436879816,2.670157068062827,0.0,0.0
253,483650,달바글로벌,160000,1982826400000,0.15389729876533942,0.10268780151619583,-0.3535353535353535,1.7590374853068165,1.3661567877629062,0.4829847229464819,0.0
254,454910,두산로보틱스,120400,7804325592000,0.15316047365088856,0.5298602287166454,-0.06883217324052593,0.6338396171004392,2.2692793931731985,0.0,0.0
255,005385,현대차우,269500,6290388720000,0.1530723718227813,0.32432432432432434,-0.15384615384615385,0.7904623880881783,1.412878787878788,0.0,0.0
256,000250,삼천당제약,439500,10309558944000,0.1523966557389731,1.0206896551724136,-0.0254988913525499,1.2983191320735943,2.5344827586206895,0.0,0.0
257,032820,우리기술,8740,1457454344600,0.15041753527808122,1.358974358974359,-0.12424849699398799,0.9916174236840956,5.8685478320715765,0.0,0.0
258,247540,에코프로비엠,229000,22396507776000,0.15007866768185357,0.4521242866201649,-0.006507592190889366,4.243165607704452,1.842170160295931,0.0,0.0
259,007810,코리아써키트,68000,1606211068000,0.1494982999144968,0.8157543391188251,-0.01449275362318836,0.6502047511005195,6.849829351535837,0.0,0.0
260,000150,두산,907000,14687808345000,0.14784030890360483,0.11837237977805182,-0.1617375231053605,0.5914444333492318,3.575052854122622,0.0,0.0
261,443060,HD현대마린솔루션,185400,8311729509000,0.14782833310693455,-0.057926829268292734,-0.2785992217898833,0.6622700109571015,1.0364500792393025,0.0,0.0
262,035420,NAVER,277500,43526607045000,0.1464221504014942,0.17336152219873147,-0.05932203389830504,1.6898981453144968,0.674233825198638,0.0,0.0
263,035900,JYP Ent.,73100,2597425165200,0.14544995435739688,0.012465373961218829,-0.17401129943502824,1.2307991835546492,0.5636042402826855,0.0,0.0
264,039200,오스코텍,52300,2000902604800,0.1451814044464311,0.18325791855203621,-0.20757575757575752,1.529858858338922,1.693877551020408,0.0,0.0
265,068270,셀트리온,218500,50464971726500,0.14452955748040253,0.2005494505494505,-0.017977528089887618,1.3461877653156236,0.4793882978723405,0.0,0.0
266,071970,STX중공업,90300,3063110998500,0.14444409746918238,-0.032154340836012874,-0.15290806754221387,1.0331527931318927,3.4140786749482404,0.0,0.0
267,089010,켐트로닉스,36200,591483492600,0.14065196821977904,0.23972602739726034,-0.20264317180616742,1.9714944500080955,1.63953488372093,0.0,0.0
268,060280,큐렉소,18920,777422610800,0.13781635938374392,0.42900302114803623,-0.08819277108433732,0.8577762654270055,2.0072463768115942,0.0,0.0
269,005070,코스모신소재,54500,1771836202000,0.13690982988280076,0.15466101694915246,-0.16539050535987754,3.0935448697777552,1.2135593220338983,0.0,0.0
270,287840,인투셀,51300,769546170000,0.1352240250811436,-0.13781512605042012,-0.315086782376502,0.9507921300389256,2.5,0.787716955941255,0.0
271,009540,한국조선해양,422500,29901641510000,0.13515642472968364,0.015625,-0.1456016177957533,0.8476779151148163,1.6628971459343025,0.0,0.0
272,166090,하나머티리얼즈,66700,1319170855800,0.13386463023415665,0.5899880810488678,-0.004477611940298498,1.1065624707663937,1.9321663019693656,0.0,0.0
273,042700,한미반도체,182000,17346820400000,0.13330390750010754,0.4606741573033708,-0.09452736318407962,0.8445072114589334,2.4536082474226806,0.0,0.0
274,022100,포스코 ICT,40850,6210618679650,0.13243399971091188,0.3870967741935485,-0.10416666666666663,0.813624363713625,1.5617977528089888,0.0,0.0
275,196170,알테오젠,435000,23275017780000,0.1279227551067708,0.011627906976744207,-0.2355008787346221,1.444501735849457,0.9061976549413735,0.0,0.0
276,171090,선익시스템,58000,554567232000,0.12653651707034488,0.08818011257035652,-0.08661417322834641,3.47916578112381,0.9126506024096386,0.0,0.0
277,323280,태성,71200,2171651976000,0.12620086370492506,0.45010183299388995,-0.009735744089012566,3.728952966329804,3.373479318734793,0.0,0.0
278,000990,DB하이텍,104700,4554930363600,0.12343846383360292,0.5284671532846716,-0.015051740357478804,1.5915942220196346,2.5024711696869852,0.0,0.0
279,298040,효성중공업,2518000,23479211864000,0.12008952672969134,0.40670391061452515,-0.009441384736427971,1.0880128325215437,5.654450261780105,0.0,0.0
280,097950,CJ제일제당,213000,3206541618000,0.11796665356214187,0.009478672985782088,-0.21691176470588236,0.9342162944341639,0.3600000000000001,0.0,0.0
281,090710,휴림로봇,15770,1883839996690,0.1152932839835056,1.709621993127148,-0.40714285714285714,0.8690324118675916,15.996805111821086,6.5129849383842995,0.0
282,045100,한양이엔지,29100,523800000000,0.11422088803215824,0.37914691943127954,-0.10185185185185186,4.802378430232163,1.165775401069519,0.0,0.0
283,476060,온코닉테라퓨틱스,19350,868579704000,0.11416778787582514,0.021647307286166928,-0.7266949152542372,0.3326280719983891,4.6414342629482075,0.0,0.0
284,058470,리노공업,86900,6622809765000,0.11389783741791756,0.42692939244663375,-0.6317796610169492,3.175625303369025,5.6199158485273495,0.0,0.0
285,028300,HLB,67200,8941881379200,0.11219929919036252,0.4436090225563909,-0.3114754098360656,3.046781737983281,1.6998616874135548,0.529465115751763,0.0
286,950160,코오롱티슈진,97200,8089106958000,0.10976966040622062,0.32065217391304346,-0.03857566765578635,1.8929613948550528,2.710091743119266,0.0,0.0
287,088350,한화생명,3390,2944316700000,0.10908479198369207,-0.0014727540500736325,-0.22158438576349027,1.0989149021820068,0.8375527426160339,0.0,0.0
288,087010,펩트론,316500,7379941275000,0.10752974264089413,0.3790849673202614,-0.1936305732484076,2.0040970184006914,3.617647058823529,0.0,0.0
289,062040,산일전기,150400,4593998080000,0.10592307493710199,0.12574850299401197,-0.15930687534935717,2.017079285552413,3.126874279123414,0.0,0.0
290,403870,HPSP,44000,3695961280000,0.10510284310422296,0.4642262895174709,0.0,2.854666478632995,1.0803782505910164,-0.0,0.0
291,456160,지투지바이오,85000,1395747600000,0.10478643715247393,0.2801204819277108,,1.1524734756215373,,,
292,353200,대덕전자,54500,2693222412500,0.10056693623023014,0.16827438370846726,-0.025044722719141377,2.0414611708344963,3.333333333333333,0.0,0.0
293,468530,프로티나,81000,886097880000,0.09984855426479745,-0.24651162790697678,,0.8386465714185387,,,
294,098460,고영,33850,2323963456750,0.09765125906953134,0.45905172413793105,-0.01741654571843254,1.2940967739782099,3.0104772991850988,0.0,0.0
295,086520,에코프로,168600,22891859227200,0.09664392949194052,0.7327852004110997,-0.007067137809187329,5.611799012677417,3.4980132450331123,0.0,0.0
296,007660,이수페타시스,125400,9205516062600,0.0964295097071108,0.05289672544080615,-0.1992337164750958,1.5514874202991364,5.251497005988024,0.0,0.0
297,064760,티씨케이,228000,2548906848000,0.09364926870772901,0.5932914046121593,0.0,2.0972252693068825,2.3333333333333335,-0.0,0.0
298,097230,한진중공업,26200,2365738012800,0.08709323454082389,0.18018018018018012,-0.23726346433770018,1.2609001463095335,5.101243339253997,0.0,0.0
299,006400,삼성SDI,396500,31952162645000,0.08640850781188247,0.41607142857142865,-0.03645200486026734,1.7195312111463594,1.6093849080532658,0.0,0.0
300,226950,올릭스,150500,3038577391500,0.08609720569335894,0.1639597834493427,-0.06521739130434778,0.9417115418053661,11.03288490284006,0.0,0.0
301,450080,에코프로머티,74600,5263683048400,0.08552308243707828,0.31338028169014076,-0.27431906614785995,9.269084319454818,1.5320197044334973,0.0,0.0
302,307950,현대오토에버,441000,12093976062000,0.08546968674324801,0.5339130434782609,-0.1741573033707865,0.2412976569652121,3.990654205607477,0.0,0.0
303,000660,SK하이닉스,841000,612249988965000,0.08301513129487727,0.4302721088435375,-0.015222482435597207,1.5578584075944384,4.248924400737554,0.0,0.0
304,397030,에이프릴바이오,58300,1353045405800,0.07659273457020044,0.22736842105263166,-0.04738562091503273,1.2190984872986446,4.108514190317195,0.0,0.0
305,402340,SK스퀘어,504000,66571905960000,0.06858969774095151,0.5700934579439252,-0.00591715976331364,1.1345241885926831,5.851351351351352,0.0,0.0
306,375500,DL이앤씨,45000,1741213035000,0.065350340048937,0.07655502392344493,-0.24623115577889443,1.3266887108491348,0.99,0.0,0.0
307,445680,큐리옥스바이오시스템즈,119800,2050955993400,0.06435884252134598,0.21255060728744946,-0.07704160246533132,0.7679530756800519,8.833333333333334,0.0,0.0
308,388210,씨엠티엑스,131700,1221213009600,0.06318336156510415,0.27988338192419815,,1.6404922731512757,,,
309,140410,메지온,168700,5122392291800,0.06133236794559352,1.1435832274459976,-0.007647058823529451,2.5092251949341082,5.679764243614931,0.0,0.0
310,240810,원익IPS,104400,5124359264400,0.058469896648291345,0.6545166402535658,-0.003816793893129722,1.638872959237708,4.038461538461538,0.0,0.0
311,310210,보로노이,218000,4009787578000,0.057600530918443464,0.011600928074245953,-0.14677103718199613,1.1873557122401157,2.5096153846153846,0.0,0.0
312,001430,세아베스틸,68300,2449382727700,0.051628173237415816,0.45319148936170217,-0.11870967741935479,0.48565723490345813,4.254237288135593,0.0,0.0
313,067310,하나마이크론,36250,2406207973750,0.051196797388508526,0.5072765072765073,-0.004120879120879106,3.2024989300096243,2.860021208907741,0.0,0.0
314,347850,디앤디파마텍,99300,4323068199000,0.04869256559600718,0.11198208286674127,-0.7100729927007299,0.8258812296012439,7.4567901234567895,0.0,0.0
315,100790,미래에셋벤처투자,14890,791025800260,0.04851124842945824,0.04491228070175435,-0.32927927927927925,0.5422958809878512,4.323741007194244,1.4237183226391856,0.0
316,475830,오름테라퓨틱,117200,2488433529600,0.04696749273942464,0.23109243697478998,-0.20054570259208726,0.8930973581246677,8.191222570532915,0.0,0.0
317,252990,샘씨엔에스,9370,547096150310,0.04077759628102179,0.4686520376175549,-0.017819706498951815,2.2509086108335783,1.5105263157894737,0.0,0.0
318,006220,제주은행,14260,539007422820,0.03899764275163307,0.22719449225473332,-0.2630490956072351,9.642406874049529,1.7761836441893832,0.0,0.0
319,009150,삼성전기,280000,20914234880000,0.038590288653976554,0.10453648915187386,-0.05245346869712353,1.0529420281556114,1.7159926470588234,0.0,0.0
320,124500,아이티센,49700,1153264991900,0.036995164123097155,0.4969879518072289,-0.031189083820662766,1.4629124523438677,10.152173913043478,0.0,0.0
321,347700,라이프시맨틱스,22450,1052285110600,0.03590816319434705,0.726923076923077,-0.0836734693877551,0.7004466358439569,4.917874396135265,0.0,0.0
322,458870,씨어스테크놀로지,155700,1972077516000,0.0356529254316139,0.30840336134453783,-0.05349544072948331,0.5347865507686386,13.66131907308378,0.0,0.0
323,003530,한화투자증권,6090,1306595949750,0.026604465984999312,0.2661122661122661,-0.1869158878504673,2.863464194512546,1.5738831615120277,0.0,0.0
324,249420,일동제약,39900,1262366254800,0.025398004822819745,0.011406844106463865,-0.11431742508324083,0.8734138915589666,3.37378640776699,0.0,2.0
325,125490,한라캐스트,18950,691719570400,0.02410848006724687,0.01174586225306995,,0.2438966894311367,,,
326,318060,그래피,45000,500299965000,0.023812845052949574,0.7509727626459144,,0.5712144620815065,,,
327,389470,인벤티지랩,81900,1043344165500,0.018462878700401714,0.1454545454545455,-0.17272727272727273,3.346889849540332,7.181818181818182,0.0,0.0
328,222800,심텍,59700,2229330414600,0.01741513423722771,0.21588594704684327,-0.11028315946348732,3.3684281619329557,5.122262773722627,0.0,0.0
329,278470,에이피알,271000,10143707505000,0.013713113212233901,0.16309012875536477,-0.07666098807495736,0.9107089257993883,6.063778580024067,0.0,0.0
330,319400,현대무벡스,31850,3547326842150,0.008092535815203611,0.8846153846153846,-0.3680555555555556,0.4731652494908934,14.899053627760253,5.483679460217315,0.0
331,105840,우진,26150,528169070500,0.004862010470049015,0.4666292765002804,-0.08726003490401402,0.5461315178368547,3.7750000000000004,0.0,0.0
332,298380,에이비엘바이오,241500,13312727347500,0.004116235362485619,0.28800000000000003,-0.062135922330097126,1.5114330713221866,7.758503401360544,0.0,0.0
333,086790,하나금융지주,102700,28584061097800,0.004112218464048586,0.08219178082191791,-0.03748828491096534,1.2355079359349392,1.071844660194175,0.0,0.0
334,200710,에이디테크놀로지,39450,530240427900,0.003813547977158027,0.42934782608695654,-0.018656716417910446,0.7027619786098921,2.182897862232779,0.0,0.0
335,138930,BNK금융지주,16390,5086260070870,-0.004575646986572514,0.011728395061728403,-0.00966767371601207,2.5202553061256596,0.787257019438445,0.0,0.0
336,049630,재영솔루텍,5070,592670629200,-0.006846791042529413,0.4868035190615836,-0.3740740740740741,0.9076672347871384,12.5,4.6759259259259265,0.0
337,016360,삼성증권,88300,7885190000000,-0.010011096271453808,0.10790464240903397,-0.03602620087336239,1.2546744491076873,1.2045728038507821,0.0,0.0
338,024110,기업은행,21750,17344012650750,-0.010584641902354036,0.02594339622641506,-0.029017857142857095,1.274435414808755,0.672890216579537,0.0,0.0
339,056080,유진로봇,34000,1275413168000,-0.011245707916644988,1.4062278839348905,-0.16049382716049387,0.4456797658582974,5.428571428571429,0.0,0.0
340,032830,삼성생명,192200,38440000000000,-0.011344757510871674,0.1740989615149664,-0.024365482233502544,1.276502992857637,1.6875852660300135,0.0,0.0
341,267260,현대일렉트릭,902000,32514515770000,-0.011638494025574339,0.15641025641025652,-0.07581967213114749,1.162417504489357,2.6899810964083177,0.0,0.0
342,058610,에스피지,151500,3359870040000,-0.01388475849479091,0.8035714285714286,-0.03809523809523807,1.932159959462224,7.233141662310507,0.0,0.0
343,424870,이뮨온시아,11310,838806930390,-0.016724180513944028,-0.13729977116704806,-0.297951582867784,0.6873239677617486,2.6161616161616164,0.0,0.0
344,071050,한국금융지주,202500,11284513380000,-0.018417803833750038,0.2562034739454093,-0.0357142857142857,1.0281847424204846,2.2507739938080493,0.0,0.0
345,006800,미래에셋대우,34800,19734583543200,-0.018772665722853958,0.5032397408207343,-0.019718309859154903,0.7126297858664061,3.4823232323232327,0.0,0.0
346,175330,JB금융지주,23950,4547736193950,-0.019913998747779205,-0.08935361216730042,-0.09792843691148778,1.499135910734441,0.6910828025477707,0.0,0.0
347,039490,키움증권,395000,10675160190000,-0.022420963614450052,0.31666666666666665,-0.042424242424242475,1.4107000266169816,2.8551401869158877,0.0,0.0
348,105560,KB금융,137900,52603624003700,-0.02394406309560397,0.09357652656621718,-0.03566433566433569,1.9291582028572227,1.0634920634920637,0.0,0.0
349,316140,우리금융지주,30200,22169104864000,-0.026167297716778618,0.05964912280701751,-0.02580645161290318,1.016108237096632,1.0652898067954695,0.0,0.0
350,005830,DB손해보험,136500,9470916000000,-0.026312141557886352,0.052428681572860514,-0.07956844234659477,0.9856686306714985,0.9135483870967742,0.0,0.0
351,117730,티로보틱스,25500,563156688000,-0.026413346611821063,0.2977099236641221,-0.1747572815533981,0.5992373406552363,2.7454545454545456,0.0,0.0
352,476830,알지노믹스,159500,2222447799000,-0.027395373102943713,-0.07643312101910826,,0.9531991683927277,,,
353,055550,신한지주,83800,40684475469200,-0.04967233076389697,0.07712082262210807,-0.0367816091954023,1.2636905766040314,1.0470588235294116,0.0,0.0
354,126340,비나텍,99100,667310462800,-0.05036941946600843,0.4016973125884018,-0.02460629921259838,1.8143985111020153,3.838095238095238,0.0,0.0
355,0126Z0,삼성에피스홀딩스,628000,15626554772000,-0.0528342131307038,-0.01567398119122254,,0.5968089936208645,,,
356,0120G0,삼양바이오팜,107100,796381677000,-0.053689659842341524,0.8245315161839863,,0.7528440840763223,,,
357,000810,삼성화재,491000,22591477105000,-0.06290879706693421,-0.01603206412825653,-0.22063492063492063,1.4266617409202247,0.926605504587156,0.0,0.0
358,0009K0,에임드바이오,57200,3699190409200,-0.06318644377339325,-0.08038585209003213,,0.547296647744725,,,
359,486990,노타,44850,956382745500,-0.06886950522742442,0.2121621621621621,,0.21693295249684533,,,
360,005940,NH투자증권,24900,8872974788100,-0.06994544266971492,0.16901408450704225,-0.02352941176470591,1.0964740531967023,1.1056977704376547,0.0,0.0
361,043260,성호전자,14950,1060296203850,-0.07544327880246059,0.9265463917525774,-0.09393939393939399,0.7352465850967079,17.435754189944134,0.0,0.0
362,488900,비츠로넥스텍,23050,667907011150,-0.0798693407514413,0.4851804123711341,,0.23486820726390278,,,
363,491000,리브스메드,80300,1981939787300,-0.08322986086489502,0.6189516129032258,,0.7159483551681063,,,
364,478340,나라스페이스테크놀로지,49100,566299318100,-0.10826633091421588,0.3507565337001375,,0.4119453917754616,,,
365,174900,앱클론,65800,1309972325200,-0.13189068963219427,0.6980645161290322,-0.05323741007194249,0.8325836330810785,9.205580029368576,0.0,0.0
366,295310,에이치브이엠,84200,1002142590200,-0.13652311673546308,0.7183673469387755,-0.10330138445154424,0.6279120348761522,4.86875,0.0,0.0
